<movement>
	<set x="10000" y="10000"/>
	<wait t="2400"/>
	<set speed="1" x="1800" y="430.31"/>
	<moveto x="1513.85" y="415.13"/>
	<moveto x="1171.29" y="379.43"/>
	<moveto x="918.16" y="249.75"/>
	<moveto x="616.1" y="155.25"/>
	<moveto x="324.16" y="138.38"/>
	<moveto x="175.66" y="165.38"/>
	<moveto x="67.66" y="284.35"/>
	<moveto x="67.66" y="358.05"/>
	<moveto x="94.66" y="398.25"/>
	<moveto x="163.85" y="415"/>
	<moveto x="362" y="469"/>
	<moveto x="458" y="486"/>
	<wait t="1000"/>
</movement>
