<movement>
	<set speed="1" x="10000" y="10000"/>
	<wait t="900"/>
	<set speed="1" x="1800" y="59.06"/>
	<moveto x="1696.1" y="59.06"/>
	<moveto x="1380.54" y="48.94"/>
	<moveto x="1107.16" y="59.06"/>
	<moveto x="762.91" y="59.06"/>
	<moveto x="425.41" y="86.06"/>
	<moveto x="371.41" y="104.63"/>
	<moveto x="325.85" y="136.69"/>
	<moveto x="300.54" y="158.63"/>
	<moveto x="261.73" y="212.63"/>
	<moveto x="243.16" y="261.56"/>
	<moveto x="243.16" y="315.56"/>
	<moveto x="268.48" y="357.75"/>
	<moveto x="324.16" y="379.43"/>
	<moveto x="374.79" y="389.81"/>
	<moveto x="447.35" y="405.0"/>
	<moveto x="476.6" y="410.06"/>
	<wait t="1000"/>
</movement>
