<movement>
	<set x="10000" y="10000"/>
	<wait t="10"/>
	<set speed="3" x="0.47" y="72.56"/>
	<moveto x="221.22" y="72.56"/>
	<moveto x="460.85" y="101.25"/>
	<moveto x="710.6" y="138.38"/>
	<moveto x="968.79" y="183.94"/>
	<moveto x="1152.72" y="271.69"/>
	<moveto x="1174.66" y="303.75"/>
	<moveto x="1183.1" y="349.31"/>
	<moveto x="1196.6" y="583.88"/>
	<wait t="1200"/>
	<moveto x="1203.35" y="603"/>
	<moveto x="1214.6" y="615.38"/>
	<moveto x="1232.6" y="620.38"/>
	<moveto x="1256.22" y="620.38"/>
	<moveto x="1276.47" y="614.25"/>
	<moveto x="1331.6" y="597.38"/>
	<moveto x="1405.85" y="579.38"/>
	<moveto x="1500.35" y="558"/>
	<moveto x="1800.47" y="533.25"/>
	<set x="10000" y="10000"/>
</movement>

