<?xml version="1.0"?>
<OSPFASConfig xmlns:xsi="http://www.w3.org/2001/XMLSchema-instance" xsi:schemaLocation="OSPF.xsd">

  <!-- Areas -->
  <Area id="0.0.0.0">
    <AddressRange address="Area1.R3>Area2.R4" mask="Area1.R3>Area2.R4" />
    <AddressRange address="Area2.R4>Area1.R3" mask="Area2.R4>Area1.R3" />
  </Area>

  <Area id="0.0.0.1">
    <AddressRange address="Area1.R1>Area1.N1" mask="Area1.R1>Area1.N1" />
    <AddressRange address="Area1.H1>Area1.N1" mask="Area1.H1>Area1.N1" />
    <AddressRange address="Area1.R2>Area1.N2" mask="Area1.R2>Area1.N2" />
    <AddressRange address="Area1.H2>Area1.N2" mask="Area1.H2>Area1.N2" />
    <AddressRange address="Area1.R1>Area1.R2" mask="Area1.R1>Area1.R2" />
    <AddressRange address="Area1.R2>Area1.R1" mask="Area1.R2>Area1.R1" />
    <AddressRange address="Area1.R1>Area1.R3" mask="Area1.R1>Area1.R3" />
    <AddressRange address="Area1.R3>Area1.R1" mask="Area1.R3>Area1.R1" />
    <AddressRange address="Area1.R2>Area1.R3" mask="Area1.R2>Area1.R3" />
    <AddressRange address="Area1.R3>Area1.R2" mask="Area1.R3>Area1.R2" />
  </Area>

  <Area id="0.0.0.2">
    <AddressRange address="Area2.R4>Area2.R5" mask="Area2.R4>Area2.R5" />
    <AddressRange address="Area2.R5>Area2.R4" mask="Area2.R5>Area2.R4" />
    <AddressRange address="Area2.R5>Area2.N3" mask="Area2.R5>Area2.N3" />
    <AddressRange address="Area2.H3>Area2.N3" mask="Area2.H3>Area2.N3" />
  </Area>

  <!-- Routers -->
  <Router name="Area1.R1" RFC1583Compatible="true">
    <BroadcastInterface ifName="eth0" areaID="0.0.0.1" interfaceOutputCost="1" />
    <BroadcastInterface ifName="eth1" areaID="0.0.0.1" interfaceOutputCost="1" />
    <BroadcastInterface ifName="eth2" areaID="0.0.0.1" interfaceOutputCost="1" routerPriority="1" />
  </Router>

  <Router name="Area1.R2" RFC1583Compatible="true">
    <BroadcastInterface ifName="eth0" areaID="0.0.0.1" interfaceOutputCost="2" />
    <BroadcastInterface ifName="eth1" areaID="0.0.0.1" interfaceOutputCost="2" />
    <BroadcastInterface ifName="eth2" areaID="0.0.0.1" interfaceOutputCost="2" routerPriority="2" />
  </Router>

  <Router name="Area1.R3" RFC1583Compatible="true">
    <BroadcastInterface ifName="eth0" areaID="0.0.0.0" interfaceOutputCost="3" />
    <BroadcastInterface ifName="eth1" areaID="0.0.0.1" interfaceOutputCost="3" />
    <BroadcastInterface ifName="eth2" areaID="0.0.0.1" interfaceOutputCost="3" />
  </Router>

  <Router name="Area2.R4" RFC1583Compatible="true">
    <BroadcastInterface ifName="eth0" areaID="0.0.0.2" interfaceOutputCost="4" />
    <BroadcastInterface ifName="eth1" areaID="0.0.0.0" interfaceOutputCost="4" />
  </Router>

  <Router name="Area2.R5" RFC1583Compatible="true">
    <BroadcastInterface ifName="eth0" areaID="0.0.0.2" interfaceOutputCost="5" />
    <BroadcastInterface ifName="eth1" areaID="0.0.0.2" interfaceOutputCost="5" />
  </Router>

</OSPFASConfig>
