<?xml version="1.0" encoding="ISO-8859-1"?>
<BGPConfig xmlns:xsi="http://www.w3.org/2001/XMLSchema-instance"
              xsi:schemaLocation="BGP.xsd">

    <TimerParams>
        <connectRetryTime> 120 </connectRetryTime>
        <holdTime> 180 </holdTime>
        <keepAliveTime> 60 </keepAliveTime>
        <startDelay> 15 </startDelay>
    </TimerParams>

    <AS id="65111">
        <Router interAddr="10.10.12.1"/> <!--router A-->
        <!-- DenyRoute: deny route in IN  and OUT traffic -->
        <!-- DenyRouteIN : deny route in IN traffic -->
        <!-- DenyRouteOUT: deny route in OUT traffic -->
        <!-- DenyAS: deny routes learned by AS in IN  and OUT traffic -->
        <!-- DenyASIN : deny routes learned by AS in IN traffic -->
        <!-- DenyASOUT: deny routes learned by AS in OUT traffic -->
        <DenyRouteIN Address="192.172.0.0" Netmask="255.255.0.0"/>
    </AS>

    <AS id="65222">
        <Router interAddr="10.20.3.2"/> <!--router B-->
        <DenyRouteOUT Address="192.171.0.0" Netmask="255.255.0.0"/>
    </AS>

    <AS id="65333">
        <Router interAddr="10.30.3.2"/> <!--router C-->
    </AS>

   <Session id="1">
        <Router exterAddr= "10.10.10.2"/>
        <Router exterAddr= "10.10.10.1"/>
    </Session>

    <Session id="2">
        <Router exterAddr= "10.10.12.2"/>
        <Router exterAddr= "10.10.12.1"/>
    </Session>

    <Session id="3">
        <Router exterAddr= "10.10.11.2"/>
        <Router exterAddr= "10.10.11.1"/>
    </Session>

</BGPConfig>

