<ipsecConfig>
    <Devices>
        <Device id="client1">
            <!-- 1000<-2000 TCP/UDP: ESP, SPI=1 -->
            <SecurityPolicy>
                <Selector>
                    <LocalAddress>client1</LocalAddress>
                    <RemoteAddress>server</RemoteAddress>
                    <Protocol>TCP,UDP</Protocol>
                    <LocalPort>1000</LocalPort>
                    <RemotePort>2000</RemotePort>
                </Selector>
                <Direction>IN</Direction>
                <Action>PROTECT</Action>
                <Protection>ESP</Protection>
                <EspMode>CONFIDENTIALITY</EspMode>
                <EncryptionAlg>AES_CBC_128</EncryptionAlg>
                <SecurityAssociation>
                    <SPI>1</SPI> <!-- Must match SPI for OUT rule at the other host -->
                </SecurityAssociation>
            </SecurityPolicy>

            <!-- 1000->2000 TCP/UDP: ESP, SPI=101 -->
            <SecurityPolicy>
                <Selector>
                    <LocalAddress>client1</LocalAddress>
                    <RemoteAddress>server</RemoteAddress>
                    <Protocol>TCP,UDP</Protocol>
                    <LocalPort>1000</LocalPort>
                    <RemotePort>2000</RemotePort>
                </Selector>
                <Direction>OUT</Direction>
                <Action>PROTECT</Action>
                <Protection>ESP</Protection>
                <EspMode>CONFIDENTIALITY</EspMode>
                <EncryptionAlg>AES_CBC_128</EncryptionAlg>
                <MaxTfcPadLength>255</MaxTfcPadLength>
                <SecurityAssociation>
                    <SPI>101</SPI> <!-- Must match SPI for OUT rule at the other host -->
                </SecurityAssociation>
            </SecurityPolicy>

            <!-- 1001<-2001 TCP/UDP: BYPASS -->
            <SecurityPolicy>
                <Selector>
                    <LocalAddress>client1</LocalAddress>
                    <RemoteAddress>server</RemoteAddress>
                    <Protocol>TCP,UDP</Protocol>
                    <LocalPort>1001</LocalPort>
                    <RemotePort>2001</RemotePort>
                </Selector>
                <Direction>IN</Direction>
                <Action>BYPASS</Action>
            </SecurityPolicy>

            <!-- 1001->2001 TCP/UDP: BYPASS -->
            <SecurityPolicy>
                <Selector>
                    <LocalAddress>client1</LocalAddress>
                    <RemoteAddress>server</RemoteAddress>
                    <Protocol>TCP,UDP</Protocol>
                    <LocalPort>1001</LocalPort>
                    <RemotePort>2001</RemotePort>
                </Selector>
                <Direction>OUT</Direction>
                <Action>BYPASS</Action>
            </SecurityPolicy>
        </Device>

        <Device id="server">
            <!-- 1000->2000 TCP/UDP: ESP, SPI=101 -->
            <SecurityPolicy>
                <Selector>
                    <LocalAddress>server</LocalAddress>
                    <RemoteAddress>client1</RemoteAddress>
                    <Protocol>TCP,UDP</Protocol>
                    <LocalPort>2000</LocalPort>
                    <RemotePort>1000</RemotePort>
                </Selector>
                <Direction>IN</Direction>
                <Action>PROTECT</Action>
                <Protection>ESP</Protection>
                <EspMode>CONFIDENTIALITY</EspMode>
                <EncryptionAlg>AES_CBC_128</EncryptionAlg>
                <SecurityAssociation>
                    <SPI>101</SPI> <!-- Must match SPI for OUT rule at the other host -->
                </SecurityAssociation>
            </SecurityPolicy>

            <!-- 1000<-2000 TCP/UDP: ESP, SPI=1 -->
            <SecurityPolicy>
                <Selector>
                    <LocalAddress>server</LocalAddress>
                    <RemoteAddress>client1</RemoteAddress>
                    <Protocol>TCP,UDP</Protocol>
                    <LocalPort>2000</LocalPort>
                    <RemotePort>1000</RemotePort>
                </Selector>
                <Direction>OUT</Direction>
                <Action>PROTECT</Action>
                <Protection>ESP</Protection>
                <EspMode>CONFIDENTIALITY</EspMode>
                <EncryptionAlg>AES_CBC_128</EncryptionAlg>
                <SecurityAssociation>
                    <SPI>1</SPI> <!-- Must match SPI for OUT rule at the other host -->
                </SecurityAssociation>
            </SecurityPolicy>

            <!-- 1001->2001 TCP/UDP: BYPASS -->
            <SecurityPolicy>
                <Selector>
                    <LocalAddress>server</LocalAddress>
                    <RemoteAddress>client1</RemoteAddress>
                    <Protocol>TCP,UDP</Protocol>
                    <LocalPort>2001</LocalPort>
                    <RemotePort>1001</RemotePort>
                </Selector>
                <Direction>IN</Direction>
                <Action>BYPASS</Action>
            </SecurityPolicy>

            <!-- 1001<-2001 TCP/UDP: BYPASS -->
            <SecurityPolicy>
                <Selector>
                    <LocalAddress>server</LocalAddress>
                    <RemoteAddress>client1</RemoteAddress>
                    <Protocol>TCP,UDP</Protocol>
                    <LocalPort>2001</LocalPort>
                    <RemotePort>1001</RemotePort>
                </Selector>
                <Direction>OUT</Direction>
                <Action>BYPASS</Action>
            </SecurityPolicy>
        </Device>
    </Devices>

</ipsecConfig>
