<internetCloud symmetric="true">
  <parameters name="good">
    <traffic src="sender[0]" dest="recip" delay="20ms+truncnormal(200ms,60ms)" datarate="uniform(100kbps,1Mbps)" drop="uniform(0,1) &lt; 0.01" />
    <traffic src="sender[1]" dest="recip" delay="30ms+truncnormal(200ms,60ms)" datarate="uniform(100kbps,1Mbps)" drop="uniform(0,1) &lt; 0.02" />
    <traffic src="sender[2]" dest="recip" delay="40ms+truncnormal(200ms,60ms)" datarate="uniform(100kbps,1Mbps)" drop="uniform(0,1) &lt; 0.03" />
    <traffic src="sender[3]" dest="recip" delay="50ms+truncnormal(200ms,60ms)" datarate="uniform(100kbps,1Mbps)" drop="uniform(0,1) &lt; 0.04" />
    <traffic src="sender[4]" dest="recip" delay="60ms+truncnormal(200ms,60ms)" datarate="uniform(100kbps,1Mbps)" drop="uniform(0,1) &lt; 0.05" />
    <traffic src="sender[5]" dest="recip" delay="70ms+truncnormal(200ms,60ms)" datarate="uniform(100kbps,1Mbps)" drop="uniform(0,1) &lt; 0.06" />
    <traffic src="sender[6]" dest="recip" delay="80ms+truncnormal(200ms,60ms)" datarate="uniform(100kbps,1Mbps)" drop="uniform(0,1) &lt; 0.07" />
    <traffic src="sender[7]" dest="recip" delay="90ms+truncnormal(200ms,60ms)" datarate="uniform(100kbps,1Mbps)" drop="uniform(0,1) &lt; 0.08" />
    <traffic src="sender[8]" dest="recip" delay="100ms+truncnormal(200ms,60ms)" datarate="uniform(100kbps,1Mbps)" drop="uniform(0,1) &lt; 0.09" />
    <traffic src="sender[9]" dest="recip" delay="110ms+truncnormal(200ms,60ms)" datarate="uniform(100kbps,1Mbps)" drop="uniform(0,1) &lt; 0.10" />
<!--
    <traffic src="**" dest="**" delay="10ms+truncnormal(100ms,20ms)" datarate="uniform(100kbps,500kbps)" drop="uniform(0,1) &lt; uniform(0.01, 0.05)" />
-->
  </parameters>
</internetCloud>
