<Devices>
    <!-- R2 -->
    <Router id="10.0.2.0">
        <Routing>
        	<EIGRP>
	        	<ProcessIPv4 asNumber="1">
	        		<Networks>
	        			<Network> 
	        				<IPAddress>10.0.12.0</IPAddress>						 
						 	<Wildcard>0.0.0.3</Wildcard>
						</Network> 
						<Network> 
	        				<IPAddress>10.0.23.0</IPAddress>						 
						 	<Wildcard>0.0.0.3</Wildcard>
						</Network>
						<Network> 
	        				<IPAddress>10.0.24.0</IPAddress>						 
						 	<Wildcard>0.0.0.3</Wildcard>
						</Network>
						<Network> 
	        				<IPAddress>10.0.2.0</IPAddress>						 
						 	<Wildcard>0.0.0.255</Wildcard>
						</Network>
	        		</Networks>
	        		<PassiveInterface>eth3</PassiveInterface>
	        		<MaximumPath>1</MaximumPath>
	        	</ProcessIPv4>
        	</EIGRP>
        </Routing>
        
        <Routing6>    
        </Routing6>
        
    </Router>
</Devices>